﻿DONOR_ID,DONOR_FNAME,DONOR_LNAME,CONTACT_NO,EMAIL
DID11,Jeff,Wanya,0827172250,wanyajeff@ymail.com 
DID12,Sthembeni,Pisho,0837865670,sthepisho@ymail.com
DID13,James,Temba,0878978650,jimmy@ymail.com
DID14,Luramo,Misi,0826575650,luramom@ymail.com
DID15,Abraham,Xolani,0797656430,axolani@ymail.com
DID16,Rumi,Jones,0668899221,rjones@true.com
DID17,Xolani,Redo,0614553389,xredo@ymail.com
DID18,Tenny,Stars,0824228870,tenstars@true.com
DID19,Tiny,Rambo,0715554333,trambo@ymail.com 
DID20,Yannick,Leons,0615554323,yleons@true.com